"","shell_index","Year","sats","type"
"1","(100,150]",1997,14,"Shell"
"2","(100,150]",1998,39,"Shell"
"3","(100,150]",1999,40,"Shell"
"4","(100,150]",2000,43,"Shell"
"5","(100,150]",2001,44,"Shell"
"6","(100,150]",2002,49,"Shell"
"7","(100,150]",2003,51,"Shell"
"8","(100,150]",2004,52,"Shell"
"9","(100,150]",2005,54,"Shell"
"10","(100,150]",2006,56,"Shell"
"11","(100,150]",2007,55,"Shell"
"12","(100,150]",2008,56,"Shell"
"13","(100,150]",2009,58,"Shell"
"14","(100,150]",2010,57,"Shell"
"15","(100,150]",2011,55,"Shell"
"16","(100,150]",2012,56,"Shell"
"17","(100,150]",2013,57,"Shell"
"18","(100,150]",2014,57,"Shell"
"19","(100,150]",2015,54,"Shell"
"20","(100,150]",2016,46,"Shell"
"21","(100,150]",2017,35,"Shell"
"22","(100,150]",2018,32,"Shell"
"23","(100,150]",2019,14,"Shell"
"24","(100,150]",2020,14,"Shell"
"25","(100,150]",2021,8,"Shell"
"26","(100,150]",2022,4,"Shell"
"27","(150,200]",1995,1,"Shell"
"28","(150,200]",1996,1,"Shell"
"29","(150,200]",1997,8,"Shell"
"30","(150,200]",1998,102,"Shell"
"31","(150,200]",1999,102,"Shell"
"32","(150,200]",2000,102,"Shell"
"33","(150,200]",2001,103,"Shell"
"34","(150,200]",2002,106,"Shell"
"35","(150,200]",2003,107,"Shell"
"36","(150,200]",2004,108,"Shell"
"37","(150,200]",2005,108,"Shell"
"38","(150,200]",2006,112,"Shell"
"39","(150,200]",2007,113,"Shell"
"40","(150,200]",2008,114,"Shell"
"41","(150,200]",2009,120,"Shell"
"42","(150,200]",2010,120,"Shell"
"43","(150,200]",2011,118,"Shell"
"44","(150,200]",2012,117,"Shell"
"45","(150,200]",2013,134,"Shell"
"46","(150,200]",2014,133,"Shell"
"47","(150,200]",2015,130,"Shell"
"48","(150,200]",2016,102,"Shell"
"49","(150,200]",2017,84,"Shell"
"50","(150,200]",2018,80,"Shell"
"51","(150,200]",2019,47,"Shell"
"52","(150,200]",2020,51,"Shell"
"53","(150,200]",2021,36,"Shell"
"54","(150,200]",2022,23,"Shell"
"55","(200,250]",1998,3,"Shell"
"56","(200,250]",1999,3,"Shell"
"57","(200,250]",2000,3,"Shell"
"58","(200,250]",2001,3,"Shell"
"59","(200,250]",2002,3,"Shell"
"60","(200,250]",2003,5,"Shell"
"61","(200,250]",2004,5,"Shell"
"62","(200,250]",2005,5,"Shell"
"63","(200,250]",2006,7,"Shell"
"64","(200,250]",2007,6,"Shell"
"65","(200,250]",2008,7,"Shell"
"66","(200,250]",2009,8,"Shell"
"67","(200,250]",2010,7,"Shell"
"68","(200,250]",2011,7,"Shell"
"69","(200,250]",2012,6,"Shell"
"70","(200,250]",2013,8,"Shell"
"71","(200,250]",2014,8,"Shell"
"72","(200,250]",2015,6,"Shell"
"73","(200,250]",2016,6,"Shell"
"74","(200,250]",2017,12,"Shell"
"75","(200,250]",2018,11,"Shell"
"76","(200,250]",2019,13,"Shell"
"77","(200,250]",2020,14,"Shell"
"78","(200,250]",2021,15,"Shell"
"79","(200,250]",2022,9,"Shell"
"80","(250,300]",1998,8,"Shell"
"81","(250,300]",1999,8,"Shell"
"82","(250,300]",2000,8,"Shell"
"83","(250,300]",2001,8,"Shell"
"84","(250,300]",2002,8,"Shell"
"85","(250,300]",2003,9,"Shell"
"86","(250,300]",2004,8,"Shell"
"87","(250,300]",2005,8,"Shell"
"88","(250,300]",2006,8,"Shell"
"89","(250,300]",2007,9,"Shell"
"90","(250,300]",2008,8,"Shell"
"91","(250,300]",2009,8,"Shell"
"92","(250,300]",2010,8,"Shell"
"93","(250,300]",2011,8,"Shell"
"94","(250,300]",2012,8,"Shell"
"95","(250,300]",2013,8,"Shell"
"96","(250,300]",2014,8,"Shell"
"97","(250,300]",2015,9,"Shell"
"98","(250,300]",2016,9,"Shell"
"99","(250,300]",2017,19,"Shell"
"100","(250,300]",2018,24,"Shell"
"101","(250,300]",2019,18,"Shell"
"102","(250,300]",2020,21,"Shell"
"103","(250,300]",2021,24,"Shell"
"104","(250,300]",2022,18,"Shell"
"105","(300,350]",1998,18,"Shell"
"106","(300,350]",1999,18,"Shell"
"107","(300,350]",2000,18,"Shell"
"108","(300,350]",2001,18,"Shell"
"109","(300,350]",2002,18,"Shell"
"110","(300,350]",2003,18,"Shell"
"111","(300,350]",2004,18,"Shell"
"112","(300,350]",2005,19,"Shell"
"113","(300,350]",2006,18,"Shell"
"114","(300,350]",2007,20,"Shell"
"115","(300,350]",2008,20,"Shell"
"116","(300,350]",2009,21,"Shell"
"117","(300,350]",2010,21,"Shell"
"118","(300,350]",2011,21,"Shell"
"119","(300,350]",2012,21,"Shell"
"120","(300,350]",2013,21,"Shell"
"121","(300,350]",2014,21,"Shell"
"122","(300,350]",2015,25,"Shell"
"123","(300,350]",2016,28,"Shell"
"124","(300,350]",2017,49,"Shell"
"125","(300,350]",2018,60,"Shell"
"126","(300,350]",2019,71,"Shell"
"127","(300,350]",2020,75,"Shell"
"128","(300,350]",2021,69,"Shell"
"129","(300,350]",2022,51,"Shell"
"130","(350,400]",1998,33,"Shell"
"131","(350,400]",1999,33,"Shell"
"132","(350,400]",2000,34,"Shell"
"133","(350,400]",2001,35,"Shell"
"134","(350,400]",2002,36,"Shell"
"135","(350,400]",2003,37,"Shell"
"136","(350,400]",2004,37,"Shell"
"137","(350,400]",2005,39,"Shell"
"138","(350,400]",2006,40,"Shell"
"139","(350,400]",2007,42,"Shell"
"140","(350,400]",2008,42,"Shell"
"141","(350,400]",2009,42,"Shell"
"142","(350,400]",2010,42,"Shell"
"143","(350,400]",2011,43,"Shell"
"144","(350,400]",2012,43,"Shell"
"145","(350,400]",2013,44,"Shell"
"146","(350,400]",2014,45,"Shell"
"147","(350,400]",2015,48,"Shell"
"148","(350,400]",2016,50,"Shell"
"149","(350,400]",2017,95,"Shell"
"150","(350,400]",2018,112,"Shell"
"151","(350,400]",2019,129,"Shell"
"152","(350,400]",2020,155,"Shell"
"153","(350,400]",2021,150,"Shell"
"154","(350,400]",2022,113,"Shell"
"155","(400,450]",1997,1,"Shell"
"156","(400,450]",1998,12,"Shell"
"157","(400,450]",1999,12,"Shell"
"158","(400,450]",2000,12,"Shell"
"159","(400,450]",2001,13,"Shell"
"160","(400,450]",2002,13,"Shell"
"161","(400,450]",2003,13,"Shell"
"162","(400,450]",2004,13,"Shell"
"163","(400,450]",2005,13,"Shell"
"164","(400,450]",2006,13,"Shell"
"165","(400,450]",2007,16,"Shell"
"166","(400,450]",2008,16,"Shell"
"167","(400,450]",2009,17,"Shell"
"168","(400,450]",2010,17,"Shell"
"169","(400,450]",2011,17,"Shell"
"170","(400,450]",2012,19,"Shell"
"171","(400,450]",2013,22,"Shell"
"172","(400,450]",2014,26,"Shell"
"173","(400,450]",2015,30,"Shell"
"174","(400,450]",2016,46,"Shell"
"175","(400,450]",2017,127,"Shell"
"176","(400,450]",2018,150,"Shell"
"177","(400,450]",2019,210,"Shell"
"178","(400,450]",2020,243,"Shell"
"179","(400,450]",2021,251,"Shell"
"180","(400,450]",2022,247,"Shell"
"181","(450,500]",1995,1,"Shell"
"182","(450,500]",1996,1,"Shell"
"183","(450,500]",1997,1,"Shell"
"184","(450,500]",1998,2,"Shell"
"185","(450,500]",1999,2,"Shell"
"186","(450,500]",2000,2,"Shell"
"187","(450,500]",2001,2,"Shell"
"188","(450,500]",2002,3,"Shell"
"189","(450,500]",2003,3,"Shell"
"190","(450,500]",2004,3,"Shell"
"191","(450,500]",2005,4,"Shell"
"192","(450,500]",2006,6,"Shell"
"193","(450,500]",2007,8,"Shell"
"194","(450,500]",2008,8,"Shell"
"195","(450,500]",2009,11,"Shell"
"196","(450,500]",2010,12,"Shell"
"197","(450,500]",2011,15,"Shell"
"198","(450,500]",2012,19,"Shell"
"199","(450,500]",2013,23,"Shell"
"200","(450,500]",2014,29,"Shell"
"201","(450,500]",2015,44,"Shell"
"202","(450,500]",2016,56,"Shell"
"203","(450,500]",2017,93,"Shell"
"204","(450,500]",2018,159,"Shell"
"205","(450,500]",2019,199,"Shell"
"206","(450,500]",2020,289,"Shell"
"207","(450,500]",2021,374,"Shell"
"208","(450,500]",2022,424,"Shell"
"209","(500,550]",1990,1,"Shell"
"210","(500,550]",1991,1,"Shell"
"211","(500,550]",1992,1,"Shell"
"212","(500,550]",1993,1,"Shell"
"213","(500,550]",1994,1,"Shell"
"214","(500,550]",1995,1,"Shell"
"215","(500,550]",1996,1,"Shell"
"216","(500,550]",1997,1,"Shell"
"217","(500,550]",1998,3,"Shell"
"218","(500,550]",1999,3,"Shell"
"219","(500,550]",2000,4,"Shell"
"220","(500,550]",2001,6,"Shell"
"221","(500,550]",2002,6,"Shell"
"222","(500,550]",2003,7,"Shell"
"223","(500,550]",2004,8,"Shell"
"224","(500,550]",2005,8,"Shell"
"225","(500,550]",2006,8,"Shell"
"226","(500,550]",2007,11,"Shell"
"227","(500,550]",2008,13,"Shell"
"228","(500,550]",2009,14,"Shell"
"229","(500,550]",2010,15,"Shell"
"230","(500,550]",2011,16,"Shell"
"231","(500,550]",2012,19,"Shell"
"232","(500,550]",2013,25,"Shell"
"233","(500,550]",2014,26,"Shell"
"234","(500,550]",2015,34,"Shell"
"235","(500,550]",2016,48,"Shell"
"236","(500,550]",2017,61,"Shell"
"237","(500,550]",2018,82,"Shell"
"238","(500,550]",2019,172,"Shell"
"239","(500,550]",2020,982,"Shell"
"240","(500,550]",2021,2015,"Shell"
"241","(500,550]",2022,2547,"Shell"
"242","(550,600]",1984,1,"Shell"
"243","(550,600]",1985,1,"Shell"
"244","(550,600]",1986,1,"Shell"
"245","(550,600]",1987,1,"Shell"
"246","(550,600]",1988,1,"Shell"
"247","(550,600]",1989,1,"Shell"
"248","(550,600]",1990,1,"Shell"
"249","(550,600]",1991,1,"Shell"
"250","(550,600]",1992,1,"Shell"
"251","(550,600]",1993,1,"Shell"
"252","(550,600]",1994,1,"Shell"
"253","(550,600]",1995,1,"Shell"
"254","(550,600]",1996,1,"Shell"
"255","(550,600]",1997,1,"Shell"
"256","(550,600]",1998,4,"Shell"
"257","(550,600]",1999,5,"Shell"
"258","(550,600]",2000,5,"Shell"
"259","(550,600]",2001,6,"Shell"
"260","(550,600]",2002,7,"Shell"
"261","(550,600]",2003,7,"Shell"
"262","(550,600]",2004,13,"Shell"
"263","(550,600]",2005,17,"Shell"
"264","(550,600]",2006,20,"Shell"
"265","(550,600]",2007,20,"Shell"
"266","(550,600]",2008,33,"Shell"
"267","(550,600]",2009,34,"Shell"
"268","(550,600]",2010,39,"Shell"
"269","(550,600]",2011,39,"Shell"
"270","(550,600]",2012,48,"Shell"
"271","(550,600]",2013,58,"Shell"
"272","(550,600]",2014,77,"Shell"
"273","(550,600]",2015,78,"Shell"
"274","(550,600]",2016,88,"Shell"
"275","(550,600]",2017,116,"Shell"
"276","(550,600]",2018,186,"Shell"
"277","(550,600]",2019,207,"Shell"
"278","(550,600]",2020,243,"Shell"
"279","(550,600]",2021,331,"Shell"
"280","(550,600]",2022,332,"Shell"
"281","(600,650]",1984,1,"Shell"
"282","(600,650]",1985,1,"Shell"
"283","(600,650]",1986,1,"Shell"
"284","(600,650]",1987,1,"Shell"
"285","(600,650]",1988,1,"Shell"
"286","(600,650]",1989,1,"Shell"
"287","(600,650]",1990,1,"Shell"
"288","(600,650]",1991,1,"Shell"
"289","(600,650]",1992,1,"Shell"
"290","(600,650]",1993,1,"Shell"
"291","(600,650]",1994,1,"Shell"
"292","(600,650]",1995,2,"Shell"
"293","(600,650]",1996,2,"Shell"
"294","(600,650]",1997,6,"Shell"
"295","(600,650]",1998,6,"Shell"
"296","(600,650]",1999,8,"Shell"
"297","(600,650]",2000,9,"Shell"
"298","(600,650]",2001,10,"Shell"
"299","(600,650]",2002,12,"Shell"
"300","(600,650]",2003,16,"Shell"
"301","(600,650]",2004,18,"Shell"
"302","(600,650]",2005,19,"Shell"
"303","(600,650]",2006,20,"Shell"
"304","(600,650]",2007,26,"Shell"
"305","(600,650]",2008,39,"Shell"
"306","(600,650]",2009,45,"Shell"
"307","(600,650]",2010,58,"Shell"
"308","(600,650]",2011,62,"Shell"
"309","(600,650]",2012,66,"Shell"
"310","(600,650]",2013,91,"Shell"
"311","(600,650]",2014,123,"Shell"
"312","(600,650]",2015,154,"Shell"
"313","(600,650]",2016,157,"Shell"
"314","(600,650]",2017,162,"Shell"
"315","(600,650]",2018,172,"Shell"
"316","(600,650]",2019,178,"Shell"
"317","(600,650]",2020,184,"Shell"
"318","(600,650]",2021,193,"Shell"
"319","(600,650]",2022,199,"Shell"
"320","(650,700]",1990,1,"Shell"
"321","(650,700]",1991,1,"Shell"
"322","(650,700]",1992,1,"Shell"
"323","(650,700]",1993,1,"Shell"
"324","(650,700]",1994,1,"Shell"
"325","(650,700]",1995,2,"Shell"
"326","(650,700]",1996,2,"Shell"
"327","(650,700]",1997,2,"Shell"
"328","(650,700]",1998,2,"Shell"
"329","(650,700]",1999,6,"Shell"
"330","(650,700]",2000,9,"Shell"
"331","(650,700]",2001,9,"Shell"
"332","(650,700]",2002,11,"Shell"
"333","(650,700]",2003,14,"Shell"
"334","(650,700]",2004,16,"Shell"
"335","(650,700]",2005,20,"Shell"
"336","(650,700]",2006,27,"Shell"
"337","(650,700]",2007,36,"Shell"
"338","(650,700]",2008,37,"Shell"
"339","(650,700]",2009,47,"Shell"
"340","(650,700]",2010,48,"Shell"
"341","(650,700]",2011,57,"Shell"
"342","(650,700]",2012,61,"Shell"
"343","(650,700]",2013,72,"Shell"
"344","(650,700]",2014,81,"Shell"
"345","(650,700]",2015,83,"Shell"
"346","(650,700]",2016,91,"Shell"
"347","(650,700]",2017,91,"Shell"
"348","(650,700]",2018,94,"Shell"
"349","(650,700]",2019,99,"Shell"
"350","(650,700]",2020,101,"Shell"
"351","(650,700]",2021,105,"Shell"
"352","(650,700]",2022,105,"Shell"
"353","(700,750]",1993,2,"Shell"
"354","(700,750]",1994,2,"Shell"
"355","(700,750]",1995,2,"Shell"
"356","(700,750]",1996,2,"Shell"
"357","(700,750]",1997,3,"Shell"
"358","(700,750]",1998,6,"Shell"
"359","(700,750]",1999,12,"Shell"
"360","(700,750]",2000,12,"Shell"
"361","(700,750]",2001,12,"Shell"
"362","(700,750]",2002,14,"Shell"
"363","(700,750]",2003,15,"Shell"
"364","(700,750]",2004,21,"Shell"
"365","(700,750]",2005,22,"Shell"
"366","(700,750]",2006,23,"Shell"
"367","(700,750]",2007,25,"Shell"
"368","(700,750]",2008,26,"Shell"
"369","(700,750]",2009,31,"Shell"
"370","(700,750]",2010,34,"Shell"
"371","(700,750]",2011,34,"Shell"
"372","(700,750]",2012,35,"Shell"
"373","(700,750]",2013,41,"Shell"
"374","(700,750]",2014,48,"Shell"
"375","(700,750]",2015,59,"Shell"
"376","(700,750]",2016,65,"Shell"
"377","(700,750]",2017,68,"Shell"
"378","(700,750]",2018,72,"Shell"
"379","(700,750]",2019,78,"Shell"
"380","(700,750]",2020,78,"Shell"
"381","(700,750]",2021,80,"Shell"
"382","(700,750]",2022,81,"Shell"
"383","(750,800]",1991,2,"Shell"
"384","(750,800]",1992,2,"Shell"
"385","(750,800]",1993,5,"Shell"
"386","(750,800]",1994,5,"Shell"
"387","(750,800]",1995,6,"Shell"
"388","(750,800]",1996,6,"Shell"
"389","(750,800]",1997,28,"Shell"
"390","(750,800]",1998,53,"Shell"
"391","(750,800]",1999,61,"Shell"
"392","(750,800]",2000,61,"Shell"
"393","(750,800]",2001,63,"Shell"
"394","(750,800]",2002,69,"Shell"
"395","(750,800]",2003,71,"Shell"
"396","(750,800]",2004,73,"Shell"
"397","(750,800]",2005,73,"Shell"
"398","(750,800]",2006,78,"Shell"
"399","(750,800]",2007,81,"Shell"
"400","(750,800]",2008,83,"Shell"
"401","(750,800]",2009,85,"Shell"
"402","(750,800]",2010,85,"Shell"
"403","(750,800]",2011,88,"Shell"
"404","(750,800]",2012,88,"Shell"
"405","(750,800]",2013,97,"Shell"
"406","(750,800]",2014,101,"Shell"
"407","(750,800]",2015,102,"Shell"
"408","(750,800]",2016,104,"Shell"
"409","(750,800]",2017,143,"Shell"
"410","(750,800]",2018,174,"Shell"
"411","(750,800]",2019,182,"Shell"
"412","(750,800]",2020,175,"Shell"
"413","(750,800]",2021,177,"Shell"
"414","(750,800]",2022,178,"Shell"
"415","(800,850]",1991,1,"Shell"
"416","(800,850]",1992,1,"Shell"
"417","(800,850]",1993,1,"Shell"
"418","(800,850]",1994,3,"Shell"
"419","(800,850]",1995,5,"Shell"
"420","(800,850]",1996,6,"Shell"
"421","(800,850]",1997,8,"Shell"
"422","(800,850]",1998,10,"Shell"
"423","(800,850]",1999,11,"Shell"
"424","(800,850]",2000,13,"Shell"
"425","(800,850]",2001,13,"Shell"
"426","(800,850]",2002,14,"Shell"
"427","(800,850]",2003,20,"Shell"
"428","(800,850]",2004,20,"Shell"
"429","(800,850]",2005,21,"Shell"
"430","(800,850]",2006,22,"Shell"
"431","(800,850]",2007,22,"Shell"
"432","(800,850]",2008,24,"Shell"
"433","(800,850]",2009,31,"Shell"
"434","(800,850]",2010,32,"Shell"
"435","(800,850]",2011,37,"Shell"
"436","(800,850]",2012,40,"Shell"
"437","(800,850]",2013,42,"Shell"
"438","(800,850]",2014,44,"Shell"
"439","(800,850]",2015,44,"Shell"
"440","(800,850]",2016,46,"Shell"
"441","(800,850]",2017,51,"Shell"
"442","(800,850]",2018,53,"Shell"
"443","(800,850]",2019,54,"Shell"
"444","(800,850]",2020,54,"Shell"
"445","(800,850]",2021,55,"Shell"
"446","(800,850]",2022,57,"Shell"
"447","(850,900]",1999,1,"Shell"
"448","(850,900]",2000,1,"Shell"
"449","(850,900]",2001,1,"Shell"
"450","(850,900]",2002,2,"Shell"
"451","(850,900]",2003,2,"Shell"
"452","(850,900]",2004,4,"Shell"
"453","(850,900]",2005,4,"Shell"
"454","(850,900]",2006,4,"Shell"
"455","(850,900]",2007,5,"Shell"
"456","(850,900]",2008,5,"Shell"
"457","(850,900]",2009,6,"Shell"
"458","(850,900]",2010,6,"Shell"
"459","(850,900]",2011,8,"Shell"
"460","(850,900]",2012,8,"Shell"
"461","(850,900]",2013,8,"Shell"
"462","(850,900]",2014,8,"Shell"
"463","(850,900]",2015,8,"Shell"
"464","(850,900]",2016,8,"Shell"
"465","(850,900]",2017,8,"Shell"
"466","(850,900]",2018,8,"Shell"
"467","(850,900]",2019,13,"Shell"
"468","(850,900]",2020,13,"Shell"
"469","(850,900]",2021,20,"Shell"
"470","(850,900]",2022,20,"Shell"
"471","(900,950]",2005,1,"Shell"
"472","(900,950]",2006,1,"Shell"
"473","(900,950]",2007,1,"Shell"
"474","(900,950]",2008,1,"Shell"
"475","(900,950]",2009,4,"Shell"
"476","(900,950]",2010,4,"Shell"
"477","(900,950]",2011,4,"Shell"
"478","(900,950]",2012,4,"Shell"
"479","(900,950]",2013,4,"Shell"
"480","(900,950]",2014,5,"Shell"
"481","(900,950]",2015,5,"Shell"
"482","(900,950]",2016,6,"Shell"
"483","(900,950]",2017,7,"Shell"
"484","(900,950]",2018,8,"Shell"
"485","(900,950]",2019,9,"Shell"
"486","(900,950]",2020,9,"Shell"
"487","(900,950]",2021,35,"Shell"
"488","(900,950]",2022,36,"Shell"
"489","(950,1e+03]",1989,1,"Shell"
"490","(950,1e+03]",1990,1,"Shell"
"491","(950,1e+03]",1991,1,"Shell"
"492","(950,1e+03]",1992,1,"Shell"
"493","(950,1e+03]",1993,1,"Shell"
"494","(950,1e+03]",1994,1,"Shell"
"495","(950,1e+03]",1995,1,"Shell"
"496","(950,1e+03]",1996,1,"Shell"
"497","(950,1e+03]",1997,2,"Shell"
"498","(950,1e+03]",1998,3,"Shell"
"499","(950,1e+03]",1999,4,"Shell"
"500","(950,1e+03]",2000,4,"Shell"
"501","(950,1e+03]",2001,7,"Shell"
"502","(950,1e+03]",2002,9,"Shell"
"503","(950,1e+03]",2003,11,"Shell"
"504","(950,1e+03]",2004,12,"Shell"
"505","(950,1e+03]",2005,12,"Shell"
"506","(950,1e+03]",2006,12,"Shell"
"507","(950,1e+03]",2007,13,"Shell"
"508","(950,1e+03]",2008,13,"Shell"
"509","(950,1e+03]",2009,13,"Shell"
"510","(950,1e+03]",2010,14,"Shell"
"511","(950,1e+03]",2011,15,"Shell"
"512","(950,1e+03]",2012,15,"Shell"
"513","(950,1e+03]",2013,15,"Shell"
"514","(950,1e+03]",2014,15,"Shell"
"515","(950,1e+03]",2015,15,"Shell"
"516","(950,1e+03]",2016,15,"Shell"
"517","(950,1e+03]",2017,15,"Shell"
"518","(950,1e+03]",2018,16,"Shell"
"519","(950,1e+03]",2019,16,"Shell"
"520","(950,1e+03]",2020,17,"Shell"
"521","(950,1e+03]",2021,17,"Shell"
"522","(950,1e+03]",2022,17,"Shell"
"523","(1e+03,1.05e+03]",2001,1,"Shell"
"524","(1e+03,1.05e+03]",2002,1,"Shell"
"525","(1e+03,1.05e+03]",2003,1,"Shell"
"526","(1e+03,1.05e+03]",2004,1,"Shell"
"527","(1e+03,1.05e+03]",2005,1,"Shell"
"528","(1e+03,1.05e+03]",2006,1,"Shell"
"529","(1e+03,1.05e+03]",2007,1,"Shell"
"530","(1e+03,1.05e+03]",2008,1,"Shell"
"531","(1e+03,1.05e+03]",2009,1,"Shell"
"532","(1e+03,1.05e+03]",2010,1,"Shell"
"533","(1e+03,1.05e+03]",2011,1,"Shell"
"534","(1e+03,1.05e+03]",2012,1,"Shell"
"535","(1e+03,1.05e+03]",2013,1,"Shell"
"536","(1e+03,1.05e+03]",2014,1,"Shell"
"537","(1e+03,1.05e+03]",2015,2,"Shell"
"538","(1e+03,1.05e+03]",2016,2,"Shell"
"539","(1e+03,1.05e+03]",2017,2,"Shell"
"540","(1e+03,1.05e+03]",2018,2,"Shell"
"541","(1e+03,1.05e+03]",2019,2,"Shell"
"542","(1e+03,1.05e+03]",2020,2,"Shell"
"543","(1e+03,1.05e+03]",2021,2,"Shell"
"544","(1e+03,1.05e+03]",2022,2,"Shell"
"545","(1.05e+03,1.1e+03]",1990,3,"Shell"
"546","(1.05e+03,1.1e+03]",1991,6,"Shell"
"547","(1.05e+03,1.1e+03]",1992,6,"Shell"
"548","(1.05e+03,1.1e+03]",1993,6,"Shell"
"549","(1.05e+03,1.1e+03]",1994,6,"Shell"
"550","(1.05e+03,1.1e+03]",1995,6,"Shell"
"551","(1.05e+03,1.1e+03]",1996,7,"Shell"
"552","(1.05e+03,1.1e+03]",1997,7,"Shell"
"553","(1.05e+03,1.1e+03]",1998,7,"Shell"
"554","(1.05e+03,1.1e+03]",1999,7,"Shell"
"555","(1.05e+03,1.1e+03]",2000,7,"Shell"
"556","(1.05e+03,1.1e+03]",2001,7,"Shell"
"557","(1.05e+03,1.1e+03]",2002,7,"Shell"
"558","(1.05e+03,1.1e+03]",2003,7,"Shell"
"559","(1.05e+03,1.1e+03]",2004,7,"Shell"
"560","(1.05e+03,1.1e+03]",2005,7,"Shell"
"561","(1.05e+03,1.1e+03]",2006,7,"Shell"
"562","(1.05e+03,1.1e+03]",2007,7,"Shell"
"563","(1.05e+03,1.1e+03]",2008,7,"Shell"
"564","(1.05e+03,1.1e+03]",2009,7,"Shell"
"565","(1.05e+03,1.1e+03]",2010,10,"Shell"
"566","(1.05e+03,1.1e+03]",2011,10,"Shell"
"567","(1.05e+03,1.1e+03]",2012,14,"Shell"
"568","(1.05e+03,1.1e+03]",2013,18,"Shell"
"569","(1.05e+03,1.1e+03]",2014,25,"Shell"
"570","(1.05e+03,1.1e+03]",2015,25,"Shell"
"571","(1.05e+03,1.1e+03]",2016,25,"Shell"
"572","(1.05e+03,1.1e+03]",2017,25,"Shell"
"573","(1.05e+03,1.1e+03]",2018,32,"Shell"
"574","(1.05e+03,1.1e+03]",2019,34,"Shell"
"575","(1.05e+03,1.1e+03]",2020,35,"Shell"
"576","(1.05e+03,1.1e+03]",2021,48,"Shell"
"577","(1.05e+03,1.1e+03]",2022,49,"Shell"
"578","(1.1e+03,1.15e+03]",1996,3,"Shell"
"579","(1.1e+03,1.15e+03]",1997,3,"Shell"
"580","(1.1e+03,1.15e+03]",1998,3,"Shell"
"581","(1.1e+03,1.15e+03]",1999,3,"Shell"
"582","(1.1e+03,1.15e+03]",2000,3,"Shell"
"583","(1.1e+03,1.15e+03]",2001,4,"Shell"
"584","(1.1e+03,1.15e+03]",2002,4,"Shell"
"585","(1.1e+03,1.15e+03]",2003,5,"Shell"
"586","(1.1e+03,1.15e+03]",2004,5,"Shell"
"587","(1.1e+03,1.15e+03]",2005,6,"Shell"
"588","(1.1e+03,1.15e+03]",2006,6,"Shell"
"589","(1.1e+03,1.15e+03]",2007,7,"Shell"
"590","(1.1e+03,1.15e+03]",2008,7,"Shell"
"591","(1.1e+03,1.15e+03]",2009,7,"Shell"
"592","(1.1e+03,1.15e+03]",2010,8,"Shell"
"593","(1.1e+03,1.15e+03]",2011,10,"Shell"
"594","(1.1e+03,1.15e+03]",2012,12,"Shell"
"595","(1.1e+03,1.15e+03]",2013,13,"Shell"
"596","(1.1e+03,1.15e+03]",2014,13,"Shell"
"597","(1.1e+03,1.15e+03]",2015,14,"Shell"
"598","(1.1e+03,1.15e+03]",2016,15,"Shell"
"599","(1.1e+03,1.15e+03]",2017,16,"Shell"
"600","(1.1e+03,1.15e+03]",2018,16,"Shell"
"601","(1.1e+03,1.15e+03]",2019,16,"Shell"
"602","(1.1e+03,1.15e+03]",2020,16,"Shell"
"603","(1.1e+03,1.15e+03]",2021,23,"Shell"
"604","(1.1e+03,1.15e+03]",2022,24,"Shell"
"605","(1.15e+03,1.2e+03]",2009,1,"Shell"
"606","(1.15e+03,1.2e+03]",2010,2,"Shell"
"607","(1.15e+03,1.2e+03]",2011,2,"Shell"
"608","(1.15e+03,1.2e+03]",2012,3,"Shell"
"609","(1.15e+03,1.2e+03]",2013,3,"Shell"
"610","(1.15e+03,1.2e+03]",2014,3,"Shell"
"611","(1.15e+03,1.2e+03]",2015,4,"Shell"
"612","(1.15e+03,1.2e+03]",2016,4,"Shell"
"613","(1.15e+03,1.2e+03]",2017,4,"Shell"
"614","(1.15e+03,1.2e+03]",2018,4,"Shell"
"615","(1.15e+03,1.2e+03]",2019,7,"Shell"
"616","(1.15e+03,1.2e+03]",2020,9,"Shell"
"617","(1.15e+03,1.2e+03]",2021,112,"Shell"
"618","(1.15e+03,1.2e+03]",2022,123,"Shell"
"619","(1.2e+03,1.25e+03]",2006,1,"Shell"
"620","(1.2e+03,1.25e+03]",2007,1,"Shell"
"621","(1.2e+03,1.25e+03]",2008,1,"Shell"
"622","(1.2e+03,1.25e+03]",2009,2,"Shell"
"623","(1.2e+03,1.25e+03]",2010,2,"Shell"
"624","(1.2e+03,1.25e+03]",2011,3,"Shell"
"625","(1.2e+03,1.25e+03]",2012,3,"Shell"
"626","(1.2e+03,1.25e+03]",2013,4,"Shell"
"627","(1.2e+03,1.25e+03]",2014,5,"Shell"
"628","(1.2e+03,1.25e+03]",2015,5,"Shell"
"629","(1.2e+03,1.25e+03]",2016,5,"Shell"
"630","(1.2e+03,1.25e+03]",2017,5,"Shell"
"631","(1.2e+03,1.25e+03]",2018,5,"Shell"
"632","(1.2e+03,1.25e+03]",2019,9,"Shell"
"633","(1.2e+03,1.25e+03]",2020,109,"Shell"
"634","(1.2e+03,1.25e+03]",2021,256,"Shell"
"635","(1.2e+03,1.25e+03]",2022,278,"Shell"
"636","(1.3e+03,1.35e+03]",1989,1,"Shell"
"637","(1.3e+03,1.35e+03]",1990,1,"Shell"
"638","(1.3e+03,1.35e+03]",1991,1,"Shell"
"639","(1.3e+03,1.35e+03]",1992,1,"Shell"
"640","(1.3e+03,1.35e+03]",1993,1,"Shell"
"641","(1.3e+03,1.35e+03]",1994,1,"Shell"
"642","(1.3e+03,1.35e+03]",1995,1,"Shell"
"643","(1.3e+03,1.35e+03]",1996,1,"Shell"
"644","(1.3e+03,1.35e+03]",1997,1,"Shell"
"645","(1.3e+03,1.35e+03]",1998,1,"Shell"
"646","(1.3e+03,1.35e+03]",1999,1,"Shell"
"647","(1.3e+03,1.35e+03]",2000,1,"Shell"
"648","(1.3e+03,1.35e+03]",2001,2,"Shell"
"649","(1.3e+03,1.35e+03]",2002,2,"Shell"
"650","(1.3e+03,1.35e+03]",2003,2,"Shell"
"651","(1.3e+03,1.35e+03]",2004,2,"Shell"
"652","(1.3e+03,1.35e+03]",2005,2,"Shell"
"653","(1.3e+03,1.35e+03]",2006,2,"Shell"
"654","(1.3e+03,1.35e+03]",2007,2,"Shell"
"655","(1.3e+03,1.35e+03]",2008,3,"Shell"
"656","(1.3e+03,1.35e+03]",2009,4,"Shell"
"657","(1.3e+03,1.35e+03]",2010,4,"Shell"
"658","(1.3e+03,1.35e+03]",2011,4,"Shell"
"659","(1.3e+03,1.35e+03]",2012,4,"Shell"
"660","(1.3e+03,1.35e+03]",2013,4,"Shell"
"661","(1.3e+03,1.35e+03]",2014,5,"Shell"
"662","(1.3e+03,1.35e+03]",2015,5,"Shell"
"663","(1.3e+03,1.35e+03]",2016,6,"Shell"
"664","(1.3e+03,1.35e+03]",2017,6,"Shell"
"665","(1.3e+03,1.35e+03]",2018,6,"Shell"
"666","(1.3e+03,1.35e+03]",2019,6,"Shell"
"667","(1.3e+03,1.35e+03]",2020,7,"Shell"
"668","(1.3e+03,1.35e+03]",2021,7,"Shell"
"669","(1.3e+03,1.35e+03]",2022,7,"Shell"
"670","(1.35e+03,1.4e+03]",2009,1,"Shell"
"671","(1.35e+03,1.4e+03]",2010,1,"Shell"
"672","(1.35e+03,1.4e+03]",2011,1,"Shell"
"673","(1.35e+03,1.4e+03]",2012,1,"Shell"
"674","(1.35e+03,1.4e+03]",2013,1,"Shell"
"675","(1.35e+03,1.4e+03]",2014,1,"Shell"
"676","(1.35e+03,1.4e+03]",2015,1,"Shell"
"677","(1.35e+03,1.4e+03]",2016,1,"Shell"
"678","(1.35e+03,1.4e+03]",2017,1,"Shell"
"679","(1.35e+03,1.4e+03]",2018,1,"Shell"
"680","(1.35e+03,1.4e+03]",2019,1,"Shell"
"681","(1.35e+03,1.4e+03]",2020,1,"Shell"
"682","(1.35e+03,1.4e+03]",2021,1,"Shell"
"683","(1.35e+03,1.4e+03]",2022,1,"Shell"
"684","(1.4e+03,1.45e+03]",1974,1,"Shell"
"685","(1.4e+03,1.45e+03]",1975,1,"Shell"
"686","(1.4e+03,1.45e+03]",1976,1,"Shell"
"687","(1.4e+03,1.45e+03]",1977,1,"Shell"
"688","(1.4e+03,1.45e+03]",1978,1,"Shell"
"689","(1.4e+03,1.45e+03]",1979,1,"Shell"
"690","(1.4e+03,1.45e+03]",1980,1,"Shell"
"691","(1.4e+03,1.45e+03]",1981,1,"Shell"
"692","(1.4e+03,1.45e+03]",1982,1,"Shell"
"693","(1.4e+03,1.45e+03]",1983,1,"Shell"
"694","(1.4e+03,1.45e+03]",1984,1,"Shell"
"695","(1.4e+03,1.45e+03]",1985,1,"Shell"
"696","(1.4e+03,1.45e+03]",1986,1,"Shell"
"697","(1.4e+03,1.45e+03]",1987,1,"Shell"
"698","(1.4e+03,1.45e+03]",1988,1,"Shell"
"699","(1.4e+03,1.45e+03]",1989,1,"Shell"
"700","(1.4e+03,1.45e+03]",1990,1,"Shell"
"701","(1.4e+03,1.45e+03]",1991,1,"Shell"
"702","(1.4e+03,1.45e+03]",1992,1,"Shell"
"703","(1.4e+03,1.45e+03]",1993,1,"Shell"
"704","(1.4e+03,1.45e+03]",1994,1,"Shell"
"705","(1.4e+03,1.45e+03]",1995,1,"Shell"
"706","(1.4e+03,1.45e+03]",1996,4,"Shell"
"707","(1.4e+03,1.45e+03]",1997,7,"Shell"
"708","(1.4e+03,1.45e+03]",1998,8,"Shell"
"709","(1.4e+03,1.45e+03]",1999,12,"Shell"
"710","(1.4e+03,1.45e+03]",2000,12,"Shell"
"711","(1.4e+03,1.45e+03]",2001,17,"Shell"
"712","(1.4e+03,1.45e+03]",2002,17,"Shell"
"713","(1.4e+03,1.45e+03]",2003,17,"Shell"
"714","(1.4e+03,1.45e+03]",2004,17,"Shell"
"715","(1.4e+03,1.45e+03]",2005,19,"Shell"
"716","(1.4e+03,1.45e+03]",2006,19,"Shell"
"717","(1.4e+03,1.45e+03]",2007,26,"Shell"
"718","(1.4e+03,1.45e+03]",2008,26,"Shell"
"719","(1.4e+03,1.45e+03]",2009,26,"Shell"
"720","(1.4e+03,1.45e+03]",2010,32,"Shell"
"721","(1.4e+03,1.45e+03]",2011,44,"Shell"
"722","(1.4e+03,1.45e+03]",2012,44,"Shell"
"723","(1.4e+03,1.45e+03]",2013,50,"Shell"
"724","(1.4e+03,1.45e+03]",2014,50,"Shell"
"725","(1.4e+03,1.45e+03]",2015,50,"Shell"
"726","(1.4e+03,1.45e+03]",2016,50,"Shell"
"727","(1.4e+03,1.45e+03]",2017,50,"Shell"
"728","(1.4e+03,1.45e+03]",2018,50,"Shell"
"729","(1.4e+03,1.45e+03]",2019,50,"Shell"
"730","(1.4e+03,1.45e+03]",2020,50,"Shell"
"731","(1.4e+03,1.45e+03]",2021,50,"Shell"
"732","(1.4e+03,1.45e+03]",2022,50,"Shell"
"733","(1.45e+03,1.5e+03]",1999,1,"Shell"
"734","(1.45e+03,1.5e+03]",2000,2,"Shell"
"735","(1.45e+03,1.5e+03]",2001,2,"Shell"
"736","(1.45e+03,1.5e+03]",2002,4,"Shell"
"737","(1.45e+03,1.5e+03]",2003,6,"Shell"
"738","(1.45e+03,1.5e+03]",2004,8,"Shell"
"739","(1.45e+03,1.5e+03]",2005,8,"Shell"
"740","(1.45e+03,1.5e+03]",2006,9,"Shell"
"741","(1.45e+03,1.5e+03]",2007,9,"Shell"
"742","(1.45e+03,1.5e+03]",2008,13,"Shell"
"743","(1.45e+03,1.5e+03]",2009,15,"Shell"
"744","(1.45e+03,1.5e+03]",2010,17,"Shell"
"745","(1.45e+03,1.5e+03]",2011,17,"Shell"
"746","(1.45e+03,1.5e+03]",2012,21,"Shell"
"747","(1.45e+03,1.5e+03]",2013,30,"Shell"
"748","(1.45e+03,1.5e+03]",2014,36,"Shell"
"749","(1.45e+03,1.5e+03]",2015,42,"Shell"
"750","(1.45e+03,1.5e+03]",2016,42,"Shell"
"751","(1.45e+03,1.5e+03]",2017,42,"Shell"
"752","(1.45e+03,1.5e+03]",2018,45,"Shell"
"753","(1.45e+03,1.5e+03]",2019,48,"Shell"
"754","(1.45e+03,1.5e+03]",2020,55,"Shell"
"755","(1.45e+03,1.5e+03]",2021,55,"Shell"
"756","(1.45e+03,1.5e+03]",2022,55,"Shell"
"757","(1.5e+03,1.55e+03]",1998,2,"Shell"
"758","(1.5e+03,1.55e+03]",1999,3,"Shell"
"759","(1.5e+03,1.55e+03]",2000,3,"Shell"
"760","(1.5e+03,1.55e+03]",2001,3,"Shell"
"761","(1.5e+03,1.55e+03]",2002,3,"Shell"
"762","(1.5e+03,1.55e+03]",2003,3,"Shell"
"763","(1.5e+03,1.55e+03]",2004,3,"Shell"
"764","(1.5e+03,1.55e+03]",2005,3,"Shell"
"765","(1.5e+03,1.55e+03]",2006,3,"Shell"
"766","(1.5e+03,1.55e+03]",2007,4,"Shell"
"767","(1.5e+03,1.55e+03]",2008,4,"Shell"
"768","(1.5e+03,1.55e+03]",2009,5,"Shell"
"769","(1.5e+03,1.55e+03]",2010,6,"Shell"
"770","(1.5e+03,1.55e+03]",2011,6,"Shell"
"771","(1.5e+03,1.55e+03]",2012,6,"Shell"
"772","(1.5e+03,1.55e+03]",2013,6,"Shell"
"773","(1.5e+03,1.55e+03]",2014,6,"Shell"
"774","(1.5e+03,1.55e+03]",2015,6,"Shell"
"775","(1.5e+03,1.55e+03]",2016,6,"Shell"
"776","(1.5e+03,1.55e+03]",2017,6,"Shell"
"777","(1.5e+03,1.55e+03]",2018,6,"Shell"
"778","(1.5e+03,1.55e+03]",2019,6,"Shell"
"779","(1.5e+03,1.55e+03]",2020,6,"Shell"
"780","(1.5e+03,1.55e+03]",2021,6,"Shell"
"781","(1.5e+03,1.55e+03]",2022,6,"Shell"
"782","(1.55e+03,1.6e+03]",1998,6,"Shell"
"783","(1.55e+03,1.6e+03]",1999,11,"Shell"
"784","(1.55e+03,1.6e+03]",2000,11,"Shell"
"785","(1.55e+03,1.6e+03]",2001,11,"Shell"
"786","(1.55e+03,1.6e+03]",2002,11,"Shell"
"787","(1.55e+03,1.6e+03]",2003,11,"Shell"
"788","(1.55e+03,1.6e+03]",2004,11,"Shell"
"789","(1.55e+03,1.6e+03]",2005,11,"Shell"
"790","(1.55e+03,1.6e+03]",2006,11,"Shell"
"791","(1.55e+03,1.6e+03]",2007,11,"Shell"
"792","(1.55e+03,1.6e+03]",2008,11,"Shell"
"793","(1.55e+03,1.6e+03]",2009,11,"Shell"
"794","(1.55e+03,1.6e+03]",2010,11,"Shell"
"795","(1.55e+03,1.6e+03]",2011,11,"Shell"
"796","(1.55e+03,1.6e+03]",2012,11,"Shell"
"797","(1.55e+03,1.6e+03]",2013,11,"Shell"
"798","(1.55e+03,1.6e+03]",2014,11,"Shell"
"799","(1.55e+03,1.6e+03]",2015,11,"Shell"
"800","(1.55e+03,1.6e+03]",2016,11,"Shell"
"801","(1.55e+03,1.6e+03]",2017,11,"Shell"
"802","(1.55e+03,1.6e+03]",2018,11,"Shell"
"803","(1.55e+03,1.6e+03]",2019,11,"Shell"
"804","(1.55e+03,1.6e+03]",2020,11,"Shell"
"805","(1.55e+03,1.6e+03]",2021,11,"Shell"
"806","(1.55e+03,1.6e+03]",2022,11,"Shell"
"807","(1.6e+03,1.65e+03]",1998,1,"Shell"
"808","(1.6e+03,1.65e+03]",1999,5,"Shell"
"809","(1.6e+03,1.65e+03]",2000,6,"Shell"
"810","(1.6e+03,1.65e+03]",2001,6,"Shell"
"811","(1.6e+03,1.65e+03]",2002,6,"Shell"
"812","(1.6e+03,1.65e+03]",2003,6,"Shell"
"813","(1.6e+03,1.65e+03]",2004,6,"Shell"
"814","(1.6e+03,1.65e+03]",2005,6,"Shell"
"815","(1.6e+03,1.65e+03]",2006,6,"Shell"
"816","(1.6e+03,1.65e+03]",2007,6,"Shell"
"817","(1.6e+03,1.65e+03]",2008,6,"Shell"
"818","(1.6e+03,1.65e+03]",2009,6,"Shell"
"819","(1.6e+03,1.65e+03]",2010,6,"Shell"
"820","(1.6e+03,1.65e+03]",2011,6,"Shell"
"821","(1.6e+03,1.65e+03]",2012,6,"Shell"
"822","(1.6e+03,1.65e+03]",2013,6,"Shell"
"823","(1.6e+03,1.65e+03]",2014,6,"Shell"
"824","(1.6e+03,1.65e+03]",2015,6,"Shell"
"825","(1.6e+03,1.65e+03]",2016,6,"Shell"
"826","(1.6e+03,1.65e+03]",2017,6,"Shell"
"827","(1.6e+03,1.65e+03]",2018,6,"Shell"
"828","(1.6e+03,1.65e+03]",2019,6,"Shell"
"829","(1.6e+03,1.65e+03]",2020,6,"Shell"
"830","(1.6e+03,1.65e+03]",2021,6,"Shell"
"831","(1.6e+03,1.65e+03]",2022,6,"Shell"
"832","(1.65e+03,1.7e+03]",1999,5,"Shell"
"833","(1.65e+03,1.7e+03]",2000,5,"Shell"
"834","(1.65e+03,1.7e+03]",2001,5,"Shell"
"835","(1.65e+03,1.7e+03]",2002,5,"Shell"
"836","(1.65e+03,1.7e+03]",2003,5,"Shell"
"837","(1.65e+03,1.7e+03]",2004,5,"Shell"
"838","(1.65e+03,1.7e+03]",2005,5,"Shell"
"839","(1.65e+03,1.7e+03]",2006,5,"Shell"
"840","(1.65e+03,1.7e+03]",2007,5,"Shell"
"841","(1.65e+03,1.7e+03]",2008,5,"Shell"
"842","(1.65e+03,1.7e+03]",2009,5,"Shell"
"843","(1.65e+03,1.7e+03]",2010,5,"Shell"
"844","(1.65e+03,1.7e+03]",2011,5,"Shell"
"845","(1.65e+03,1.7e+03]",2012,5,"Shell"
"846","(1.65e+03,1.7e+03]",2013,5,"Shell"
"847","(1.65e+03,1.7e+03]",2014,5,"Shell"
"848","(1.65e+03,1.7e+03]",2015,5,"Shell"
"849","(1.65e+03,1.7e+03]",2016,5,"Shell"
"850","(1.65e+03,1.7e+03]",2017,5,"Shell"
"851","(1.65e+03,1.7e+03]",2018,5,"Shell"
"852","(1.65e+03,1.7e+03]",2019,5,"Shell"
"853","(1.65e+03,1.7e+03]",2020,5,"Shell"
"854","(1.65e+03,1.7e+03]",2021,5,"Shell"
"855","(1.65e+03,1.7e+03]",2022,5,"Shell"
"856","(1.7e+03,1.75e+03]",1999,3,"Shell"
"857","(1.7e+03,1.75e+03]",2000,5,"Shell"
"858","(1.7e+03,1.75e+03]",2001,5,"Shell"
"859","(1.7e+03,1.75e+03]",2002,5,"Shell"
"860","(1.7e+03,1.75e+03]",2003,5,"Shell"
"861","(1.7e+03,1.75e+03]",2004,5,"Shell"
"862","(1.7e+03,1.75e+03]",2005,5,"Shell"
"863","(1.7e+03,1.75e+03]",2006,5,"Shell"
"864","(1.7e+03,1.75e+03]",2007,5,"Shell"
"865","(1.7e+03,1.75e+03]",2008,5,"Shell"
"866","(1.7e+03,1.75e+03]",2009,5,"Shell"
"867","(1.7e+03,1.75e+03]",2010,5,"Shell"
"868","(1.7e+03,1.75e+03]",2011,5,"Shell"
"869","(1.7e+03,1.75e+03]",2012,5,"Shell"
"870","(1.7e+03,1.75e+03]",2013,5,"Shell"
"871","(1.7e+03,1.75e+03]",2014,5,"Shell"
"872","(1.7e+03,1.75e+03]",2015,5,"Shell"
"873","(1.7e+03,1.75e+03]",2016,5,"Shell"
"874","(1.7e+03,1.75e+03]",2017,5,"Shell"
"875","(1.7e+03,1.75e+03]",2018,5,"Shell"
"876","(1.7e+03,1.75e+03]",2019,5,"Shell"
"877","(1.7e+03,1.75e+03]",2020,5,"Shell"
"878","(1.7e+03,1.75e+03]",2021,5,"Shell"
"879","(1.7e+03,1.75e+03]",2022,5,"Shell"
"880","(1.75e+03,1.8e+03]",1999,2,"Shell"
"881","(1.75e+03,1.8e+03]",2000,2,"Shell"
"882","(1.75e+03,1.8e+03]",2001,2,"Shell"
"883","(1.75e+03,1.8e+03]",2002,2,"Shell"
"884","(1.75e+03,1.8e+03]",2003,2,"Shell"
"885","(1.75e+03,1.8e+03]",2004,2,"Shell"
"886","(1.75e+03,1.8e+03]",2005,2,"Shell"
"887","(1.75e+03,1.8e+03]",2006,2,"Shell"
"888","(1.75e+03,1.8e+03]",2007,2,"Shell"
"889","(1.75e+03,1.8e+03]",2008,2,"Shell"
"890","(1.75e+03,1.8e+03]",2009,2,"Shell"
"891","(1.75e+03,1.8e+03]",2010,2,"Shell"
"892","(1.75e+03,1.8e+03]",2011,2,"Shell"
"893","(1.75e+03,1.8e+03]",2012,2,"Shell"
"894","(1.75e+03,1.8e+03]",2013,2,"Shell"
"895","(1.75e+03,1.8e+03]",2014,2,"Shell"
"896","(1.75e+03,1.8e+03]",2015,2,"Shell"
"897","(1.75e+03,1.8e+03]",2016,2,"Shell"
"898","(1.75e+03,1.8e+03]",2017,2,"Shell"
"899","(1.75e+03,1.8e+03]",2018,2,"Shell"
"900","(1.75e+03,1.8e+03]",2019,2,"Shell"
"901","(1.75e+03,1.8e+03]",2020,2,"Shell"
"902","(1.75e+03,1.8e+03]",2021,2,"Shell"
"903","(1.75e+03,1.8e+03]",2022,2,"Shell"
"904","(1.8e+03,1.85e+03]",1998,1,"Shell"
"905","(1.8e+03,1.85e+03]",1999,1,"Shell"
"906","(1.8e+03,1.85e+03]",2000,1,"Shell"
"907","(1.8e+03,1.85e+03]",2001,1,"Shell"
"908","(1.8e+03,1.85e+03]",2002,1,"Shell"
"909","(1.8e+03,1.85e+03]",2003,1,"Shell"
"910","(1.8e+03,1.85e+03]",2004,1,"Shell"
"911","(1.8e+03,1.85e+03]",2005,1,"Shell"
"912","(1.8e+03,1.85e+03]",2006,1,"Shell"
"913","(1.8e+03,1.85e+03]",2007,1,"Shell"
"914","(1.8e+03,1.85e+03]",2008,1,"Shell"
"915","(1.8e+03,1.85e+03]",2009,1,"Shell"
"916","(1.8e+03,1.85e+03]",2010,1,"Shell"
"917","(1.8e+03,1.85e+03]",2011,1,"Shell"
"918","(1.8e+03,1.85e+03]",2012,1,"Shell"
"919","(1.8e+03,1.85e+03]",2013,1,"Shell"
"920","(1.8e+03,1.85e+03]",2014,1,"Shell"
"921","(1.8e+03,1.85e+03]",2015,1,"Shell"
"922","(1.8e+03,1.85e+03]",2016,1,"Shell"
"923","(1.8e+03,1.85e+03]",2017,1,"Shell"
"924","(1.8e+03,1.85e+03]",2018,1,"Shell"
"925","(1.8e+03,1.85e+03]",2019,1,"Shell"
"926","(1.8e+03,1.85e+03]",2020,1,"Shell"
"927","(1.8e+03,1.85e+03]",2021,1,"Shell"
"928","(1.8e+03,1.85e+03]",2022,1,"Shell"
"929","(1.85e+03,1.9e+03]",1996,1,"Shell"
"930","(1.85e+03,1.9e+03]",1997,1,"Shell"
"931","(1.85e+03,1.9e+03]",1998,3,"Shell"
"932","(1.85e+03,1.9e+03]",1999,4,"Shell"
"933","(1.85e+03,1.9e+03]",2000,4,"Shell"
"934","(1.85e+03,1.9e+03]",2001,4,"Shell"
"935","(1.85e+03,1.9e+03]",2002,4,"Shell"
"936","(1.85e+03,1.9e+03]",2003,4,"Shell"
"937","(1.85e+03,1.9e+03]",2004,4,"Shell"
"938","(1.85e+03,1.9e+03]",2005,4,"Shell"
"939","(1.85e+03,1.9e+03]",2006,4,"Shell"
"940","(1.85e+03,1.9e+03]",2007,4,"Shell"
"941","(1.85e+03,1.9e+03]",2008,4,"Shell"
"942","(1.85e+03,1.9e+03]",2009,4,"Shell"
"943","(1.85e+03,1.9e+03]",2010,4,"Shell"
"944","(1.85e+03,1.9e+03]",2011,4,"Shell"
"945","(1.85e+03,1.9e+03]",2012,4,"Shell"
"946","(1.85e+03,1.9e+03]",2013,4,"Shell"
"947","(1.85e+03,1.9e+03]",2014,4,"Shell"
"948","(1.85e+03,1.9e+03]",2015,4,"Shell"
"949","(1.85e+03,1.9e+03]",2016,4,"Shell"
"950","(1.85e+03,1.9e+03]",2017,4,"Shell"
"951","(1.85e+03,1.9e+03]",2018,4,"Shell"
"952","(1.85e+03,1.9e+03]",2019,4,"Shell"
"953","(1.85e+03,1.9e+03]",2020,4,"Shell"
"954","(1.85e+03,1.9e+03]",2021,4,"Shell"
"955","(1.85e+03,1.9e+03]",2022,4,"Shell"
"956","(1.9e+03,1.95e+03]",1998,1,"Shell"
"957","(1.9e+03,1.95e+03]",1999,1,"Shell"
"958","(1.9e+03,1.95e+03]",2000,1,"Shell"
"959","(1.9e+03,1.95e+03]",2001,1,"Shell"
"960","(1.9e+03,1.95e+03]",2002,1,"Shell"
"961","(1.9e+03,1.95e+03]",2003,1,"Shell"
"962","(1.9e+03,1.95e+03]",2004,1,"Shell"
"963","(1.9e+03,1.95e+03]",2005,1,"Shell"
"964","(1.9e+03,1.95e+03]",2006,2,"Shell"
"965","(1.9e+03,1.95e+03]",2007,2,"Shell"
"966","(1.9e+03,1.95e+03]",2008,2,"Shell"
"967","(1.9e+03,1.95e+03]",2009,2,"Shell"
"968","(1.9e+03,1.95e+03]",2010,2,"Shell"
"969","(1.9e+03,1.95e+03]",2011,2,"Shell"
"970","(1.9e+03,1.95e+03]",2012,2,"Shell"
"971","(1.9e+03,1.95e+03]",2013,2,"Shell"
"972","(1.9e+03,1.95e+03]",2014,2,"Shell"
"973","(1.9e+03,1.95e+03]",2015,2,"Shell"
"974","(1.9e+03,1.95e+03]",2016,2,"Shell"
"975","(1.9e+03,1.95e+03]",2017,2,"Shell"
"976","(1.9e+03,1.95e+03]",2018,2,"Shell"
"977","(1.9e+03,1.95e+03]",2019,2,"Shell"
"978","(1.9e+03,1.95e+03]",2020,2,"Shell"
"979","(1.9e+03,1.95e+03]",2021,2,"Shell"
"980","(1.9e+03,1.95e+03]",2022,2,"Shell"
"981","(1.95e+03,2e+03]",1999,3,"Shell"
"982","(1.95e+03,2e+03]",2000,3,"Shell"
"983","(1.95e+03,2e+03]",2001,3,"Shell"
"984","(1.95e+03,2e+03]",2002,3,"Shell"
"985","(1.95e+03,2e+03]",2003,3,"Shell"
"986","(1.95e+03,2e+03]",2004,3,"Shell"
"987","(1.95e+03,2e+03]",2005,3,"Shell"
"988","(1.95e+03,2e+03]",2006,3,"Shell"
"989","(1.95e+03,2e+03]",2007,3,"Shell"
"990","(1.95e+03,2e+03]",2008,3,"Shell"
"991","(1.95e+03,2e+03]",2009,3,"Shell"
"992","(1.95e+03,2e+03]",2010,3,"Shell"
"993","(1.95e+03,2e+03]",2011,3,"Shell"
"994","(1.95e+03,2e+03]",2012,3,"Shell"
"995","(1.95e+03,2e+03]",2013,3,"Shell"
"996","(1.95e+03,2e+03]",2014,3,"Shell"
"997","(1.95e+03,2e+03]",2015,3,"Shell"
"998","(1.95e+03,2e+03]",2016,3,"Shell"
"999","(1.95e+03,2e+03]",2017,3,"Shell"
"1000","(1.95e+03,2e+03]",2018,3,"Shell"
"1001","(1.95e+03,2e+03]",2019,3,"Shell"
"1002","(1.95e+03,2e+03]",2020,3,"Shell"
"1003","(1.95e+03,2e+03]",2021,3,"Shell"
"1004","(1.95e+03,2e+03]",2022,4,"Shell"
